<?xml version="1.0" encoding="UTF-8"?>
<employee>
	<employeecode>1111</employeecode>
	<employeename>
		<firstname>Seema</firstname>
		<lastname>Dalvi</lastname>
	</employeename>
	<DOJ>09/08/97</DOJ>
	<totalexperience>12</totalexperience>
	<department>
		<unit>3d</unit>
		<loc>Mumbai</loc>
	</department>
	<designatioin>
		<element1>0</element1>
		<element2>0</element2>
		<element3>0</element3>
		<element4>*</element4>
		<element5>0</element5>
	</designatioin>
	<sal>21000</sal>
	<grade>
		<a>0</a>
		<b>*</b>
		<c>0</c>
		<d>0</d>
	</grade>
</employee>
